ID,IgnoreWord
2,ability
3,able
4,about
5,above
6,accessibility
7,accessories
8,accomplish
9,accomplishment
10,accordance
11,according
12,accuracy
13,accurate
14,accurately
15,achieve
16,achieved
17,achievement
18,achievements
19,achieving
20,adding
21,addition
22,address
23,advised
24,affair
25,affairs
26,after
27,against
28,aggressively
29,agreements
30,ahead
31,all
32,alliances
33,allow
34,allows
35,already
36,also
37,altered
38,alternative
39,am
40,among
41,amount
42,an
43,and
44,another
45,answer
46,any
47,appointment
48,appraisal
49,appraisals
50,approaches
51,appropriate
52,appropriately
53,approximately
54,apr
55,april
56,are
57,area
58,around
59,as
60,ask
61,asking
62,assist
63,assisted
64,assisting
65,assume
66,assumed
67,at
68,attaining
69,attended
70,attention
71,aug
72,august
73,available
74,awarded
75,awards
77,back
78,based
79,became
80,because
81,becomes
82,been
83,before
84,behaviour
85,being
86,below
87,best
88,better
89,between
90,bigger
91,biggest
92,both
93,bring
94,bringing
95,broad
96,built
97,but
98,buy
99,by
100,can
101,capabilities
102,capability
103,capable
104,capacity
105,care
106,carried
107,carrier
108,carry
109,carrying
110,cause
111,causes
112,challenging
113,changing
114,charismatic
115,charm
116,choice
117,choices
118,choose
119,choosen
120,claims
121,clients
122,close
123,closely
124,collaborated
125,collaboration
126,college
127,combined
128,comfortable
129,coming
130,commitment
131,committed
132,committee
133,common
134,community
135,companies
136,company
137,compare
138,compared
139,compatibility
140,complete
141,completed
142,comprehensive
143,conduct
144,conducted
145,conducting
146,conference
147,conferences
148,conflict
149,consider
150,consideration
151,considered
152,consisted
153,consistence
154,consistency
155,consistently
156,consisting
157,contain
158,contains
159,continued
160,continuity
161,contribute
162,contributed
163,contribution
164,coordinate
165,coordinated
166,coordination
167,correct
168,correction
169,corrective
170,cosmetic
171,cosmetics
172,could
173,courteous
174,cover
175,coverage
176,covered
177,covering
178,crisis
179,cultivated
180,current
181,currently
182,cycle
184,daily
185,date
186,day
187,day-to-day
188,deadlines
189,dealt
190,dec
191,december
192,deep
193,delegate
194,delegating
195,delegation
196,department
197,departments
198,dependability
199,depending
200,depth
201,describe
202,detailed
203,details
204,determination
205,determine
206,determined
207,determining
208,developed
209,different
210,discharging
211,disclosure
212,discovery
213,discrepancies
214,discuss
215,discussed
216,discussion
217,discussions
218,distance
219,distinction
220,diverse
221,diversified
222,diversify
223,division
224,divisional
225,doing
226,done
227,double
228,down
229,driven
230,duration
231,during
232,duties
233,dynamic
234,dynamically
237,each
238,earned
239,effective
240,effectively
241,effectiveness
242,efficiency
243,efficient
244,effort
245,efforts
246,elaboration
247,element
248,elements
249,eligible
250,else
251,embrace
252,employing
253,empower
254,enable
255,enabled
256,enabling
257,end
258,ensure
259,ensured
260,ensuring
261,entire
262,escalated
263,escalating
264,escalation
265,essential
266,established
267,establishment
268,etc
269,every
270,excellence
271,excellent
272,exceptional
273,executive
274,executives
275,exercised
276,existing
277,expectations
278,expected
279,expenses
280,expensive
281,experience
282,experiences
283,experimented
284,expert
285,expertise
286,explain
287,explaining
288,explanation
289,explicitly
290,exposed
291,exposure
292,extended
293,extending
294,extends
295,extensive
296,extensively
297,externs
299,facilitate
300,facilitated
301,facilitating
302,facilities
303,facility
304,facing
305,factor
306,factories
307,factors
308,factory
309,failures
310,falls
311,familiar
312,familiarize
313,familiarized
314,fashion
315,feature
316,features
317,feb
318,february
319,federal
320,feed
321,fellowship
322,final
323,finalizing
324,finally
325,find
326,findings
327,finished
328,first
329,fixes
330,fixing
331,flagship
332,flower
333,flexibility
334,flexible
335,fluent
336,focus
337,focused
338,follow
339,followed
340,following
341,for
342,found
343,foundation
344,free
345,fri
346,friday
347,from
348,future
350,general
351,generic
352,get
353,going
354,good
355,grade
356,gradient
357,granular
358,great
359,groups
361,handled
362,hands
363,hard
364,has
365,have
366,having
367,he
368,helped
369,herself
370,high
371,higher
372,highest
373,highlights
374,highly
375,himself
376,hired
377,hiring
378,history
379,holder
380,holders
381,holding
382,home
383,honest
384,honesty
385,honor
386,honors
387,hot
388,hours
389,i
390,if
391,immediate
392,immediately
393,improve
394,improved
395,improvement
396,improves
397,improving
398,improvising
399,in
400,incident
401,incidents
402,increase
403,increased
404,increases
405,increasing
406,individual
407,initial
408,initiated
409,initiatives
410,innovating
411,innovative
412,institute
413,interact
414,interacted
415,interaction
416,international
417,interpersonal
418,into
419,investigating
420,investigation
421,involve
422,involved
423,involves
424,is
425,issue
426,issues
428,jan
429,january
430,jul
431,july
432,jun
433,june
435,keep
436,keeping
437,key
438,known
440,large
441,larger
442,largest
443,later
444,latest
445,leadership
446,leading
447,learner
448,learning
449,life
450,like
451,locate
452,locating
453,location
454,love
455,ltd
456,m
457,made
458,major
459,make
460,managed
461,many
462,mar
463,march
464,married
465,may
466,me
467,meeting
468,meetings
469,member
470,members
471,membership
472,mentor
473,million
474,mon
475,monday
476,month
477,monthly
478,months
479,more
480,most
481,mostly
482,motivated
483,motivation
485,national
486,natural
487,necessary
488,need
489,needed
490,needs
491,negotiable
492,negotiating
493,negotiation
494,new
495,newly
496,news
497,north
498,not
499,note
500,notes
501,notices
502,nov
503,november
505,obtain
506,oct
507,october
508,of
509,offered
510,offerings
511,offers
512,offshore
513,on
514,one
515,ongoing
516,onsite
517,or
518,other
519,our
520,out
521,over
522,overall
524,part
525,partial
526,participate
527,participated
528,participation
529,partner
530,partners
531,parts
532,per
533,percentage
534,perform
535,person
536,personal
537,perspective
538,position
539,positioning
540,positions
541,practical
542,practice
543,practices
544,preparation
545,prepare
546,prepared
547,present
548,presented
549,presenting
550,primary
551,productivity
552,profile
553,profiling
554,proposals
555,proposed
556,prospective
557,provide
558,provided
559,provider
560,provides
561,providing
562,published
563,publishing
565,qualification
566,qualifications
567,quick
568,quickly
570,read
571,recognition
572,recommendation
573,recommendations
574,reduce
575,reduced
576,references
577,relation
578,relationship
579,relationships
580,relevant
581,reliability
582,reliable
583,required
584,respect
585,respective
586,responsibilities
587,responsibility
588,responsible
589,role
590,roles
592,sat
593,satisfaction
594,saturday
595,scale
596,scope
597,sep
598,september
599,sex
600,she
601,short
602,side
603,since
604,single
605,size
606,skill
607,skilled
608,skills
609,so
610,solving
611,special
612,specific
613,specifically
614,status
615,strong
616,student
617,success
618,successful
619,successfully
620,such
621,summary
622,sunday
624,take
625,taken
626,task
627,tasks
628,team
629,that
630,the
631,their
632,them
633,then
634,these
635,they
636,this
637,those
638,through
639,thu
640,thursday
641,time
642,timely
643,to
644,total
645,tue
646,tuesday
647,two
648,types
650,undertaking
651,unit
652,usage
653,use
654,used
655,user
656,using
657,utilizing
659,variety
660,various
662,walk
663,was
664,we
665,wed
666,wednesday
667,weekly
668,well
669,were
670,when
671,where
672,which
673,while
674,who
675,will
676,with
677,within
678,work
679,worked
680,working
681,would
682,write
683,written
686,you
688,accordingly
689,across
690,actually
691,advantage
692,afterwards
693,again
694,alone
695,although
696,always
697,amongst
698,anybody
699,anyhow
700,anyone
701,anything
702,anyway
703,anyways
704,anywhere
705,apart
706,appear
707,appreciate
708,aside
709,associated
710,away
711,awfully
712,be
713,become
714,becoming
715,beforehand
716,behind
717,beside
718,besides
719,brief
720,came
721,cannot
722,cant
723,certain
724,certainly
725,changes
726,clearly
727,come
728,comes
729,concerning
730,consequently
731,considering
732,containing
733,corresponding
734,definitely
735,described
736,despite
737,did
738,do
739,does
740,doing
741,downwards
742,eg
743,either
744,elsewhere
745,enough
746,entirely
747,especially
748,even
749,ever
750,everybody
751,everyone
752,everything
753,everywhere
754,ex
755,exactly
756,example
757,except
758,extreme
759,far
760,few
761,follows
762,former
763,formerly
764,further
765,furthermore
766,gets
767,getting
768,given
769,gives
770,go
771,goes
772,gone
773,got
774,gotten
775,greetings
776,had
777,happens
778,hardly
779,hello
780,help
781,hence
782,her
783,here
784,hereafter
785,hereby
786,herein
787,hereupon
788,hers
789,hi
790,him
791,his
792,hither
793,hopefully
794,how
795,howbeit
796,however
797,ignored
798,indicate
799,indicated
800,indicates
801,instead
802,interest
803,inward
804,itself
805,just
806,keeps
807,kept
808,know
809,knows
810,last
811,lately
812,latter
813,latterly
814,least
815,less
816,lest
817,let
818,liked
819,likely
820,little
821,look
822,looking
823,looks
824,mainly
825,mean
826,meanwhile
827,nearly
828,might
829,moreover
830,much
831,must
832,my
833,myself
834,near
835,nearly
836,neither
837,never
838,nevertheless
839,no
840,nobody
841,none
842,noone
843,nor
844,normally
845,nothing
846,now
847,nowhere
848,obviously
849,off
850,often
851,okay
852,old
853,once
854,ones
855,only
856,onto
857,others
858,otherwise
859,ought
860,ours
861,ourselves
862,outside
863,own
864,particular
865,particularly
866,perhaps
867,placed
868,please
869,possible
870,presumably
871,probably
872,quite
873,rather
874,really
875,reasonably
876,regarding
877,regardless
878,regards
879,relatively
880,respectively
881,right
882,said
883,same
884,saw
885,say
886,saying
887,says
888,seeing
889,seem
890,seemed
891,seeming
892,seems
893,seen
894,self
895,selves
896,sensible
897,sent
898,serious
899,seriously
900,several
901,shall
902,should
903,so
904,some
905,somebody
906,somehow
907,someone
908,something
909,sometime
910,sometimes
911,somewhat
912,somewhere
913,soon
914,sorry
915,specified
916,specify
917,specifying
918,spread
919,still
920,such
921,sure
922,tell
923,tends
924,than
925,thank
926,thanks
927,thanx
928,thats
929,theirs
930,themselves
931,thence
932,there
933,thereafter
934,thereby
935,therefore
936,therein
937,theres
938,thereupon
939,think
940,thorough
941,thoroughly
942,though
943,throughout
944,thus
945,till
946,together
947,too
948,took
949,toward
950,towards
951,tried
952,tries
953,truly
954,try
955,trying
956,under
957,unfourtunately
958,unless
959,unlikely
960,until
961,unto
962,up
963,upon
964,useful
965,uses
966,usually
967,very
968,want
969,wants
970,way
971,welcome
972,went
973,what
974,whatever
975,whenever
976,whereafter
977,whereas
978,whereby
979,wherein
980,whereupon
981,whereever
982,whether
983,whither
984,whoever
985,whole
986,whom
987,whose
988,why
989,willing
990,wish
991,without
992,wonder
993,writing
994,wrote
995,yes
996,yet
997,your
998,yours
999,yourself
1000,yourselves
1001,exp
1002,exp.
