id,skill,skill_alias
1,.Net framework 2.0,DotNet framework 2.0; .Net framework2.0; .NET2.0; .NET 2.0; DotNet Frame Work 2.0;
2,.Net framework 3.0,DotNet framework 3.0; .Net framework3.0; .NET3.0; .NET 3.0; DotNet Frame Work 3.0;
3,.Net framework 3.5,DotNet framework 3.5; .Net framework3.5; .NET3.5; .NET 3.5; DotNet Frame Work 3.5;
4,.NET Framework,.Net Frame Work; .NetFramework;
5,.Net,DotNet;
6,2D Animator pro, 
7,3Com, 
8,3D studio max,3D-Studio Max; 3D Studio; 3D-Studio;
9,Ab Initio GDE,AbInitioGDE; AbInitio/GDE; AbInitio-GDE;
10,Ab Initio,AbInitio; Ab-Initio;
11,ACCESS,MS ACCESS;
12,Accounts Manager,Account Manager;
13,ACMS,Application Control Management System;
14,Acrobat Reader,Adobe Acrobat;
15,Acronis, 
16,Action script,ActionScript; Action Scripts;
17,ACTIVE DIRECTORY,MS-Active Directory; ADAM; Active Directory Application Mode; AD;
18,ACTIVE X,ActiveX; MSActiveX; MicrosoftActiveX; Acitve-X;
19,Actuate, 
20,ADA, 
21,ADABAS, 
22,ADO,ActiveX Data Objects; ActiveX Data Object;
23,ADO.NET,ActiveX Data Objects.NET; ActiveX Data Object.NET;
24,Adobe After Effects,AfterEffects;
25,Adobe Premier, 
26,Agile, 
27,Aix Admin,Aix Administration; Aix Administrator; AixAdmin;
28,AIX,AixServer; AixServers; AIX5.2; AIX5.3; AIX/6000;
29,AJAX,Ajaxframework; Ajax.net;
30,Animation,3DAnimation; 2DAnimation;
31,ANT, 
32,AOL,Application Object Library;
33,Apache,ApacheHTTPServer; Sun Java System Web Server; Java Web Server; Apache Axis; ApacheWebserver; Java WebServer;
34,API,Application Programming Interface; APIs;
35,Applet,Applets; JavaApplets; JavaApplet; Java Applets;
36,Application Designer,ApplicationDesigner;
37,Application Engine,ApplicationEngine;
38,Application Messages,ApplicationMessages; Application Message; ApplicationMessage;
39,Application Programming, 
40,ArcGIS Desktop,ArcGISDesktop; Arc GIS Desktop; Arc Geographic Information System Desktop;
41,ArcView,Arc View;
42,Ariba,Ariba Buyer;
43,Artificial Intelligence,ArtificialIntelligence; Artificial Inteligence;
44,AS/400,AS-400; AS400; AS 400;
45,Ascential DataStage,Ascential Data Stage;IBM/Ascential DataStage; DataStage Ascential; DataStageAscential; Ascential/DataStage; DataStage/Ascential;
46,ASCP,Advanced Supply Chain Planning;
47,ASM,automatic storage management;
48,ASP,Active Server Pages; Active Server Page; Active Serverpages; Active Serverpage; ActiveServerpage; ActiveServerpages;
49,ASP.NET 3.0,ASP.NET3.0; Active Server Pages.NET 3.0;
50,ASP.NET 3.5,ASP.NET3.5; Active Server Pages.NET 3.5;
51,ASP.NET,Active Server Pages.NET;
52,ASSEMBLER,Asembler;
53,Assembly,ARM9;8051;
54,ATG Dynamo,ATGDynamo; ATG-Dynamo; Dynamo Application Server;ATG/Dynamo;
55,ATM, 
56,AutoCAD,Auto CAD; Computer Aided Design; Computer Aided Designs;
57,Autodesk,Auto Desk;
58,Automated Testing,Automated Test; AutomatedTesting; AutomatedTest;
59,Autosys,Unicenter AutoSys;
60,AvisMap, 
61,AWK, 
62,AWT,Abstract Window Toolkit; JAWT;
63,BAAN, 
64,Base SAS,SAS Base; SASBase;
65,Basic,GW Basic; GWBasic;
66,BEA NetUI, 
67,beans,javabeans; entreprise javabeans; ejb; bean; ejbs;
68,BIRT, 
69,BizTalk,Biz Talk; Biz Talk Server; Biztalk Server;
70,Black Box,Blackbox;
71,Blackberry,Black berry;
72,BOM,Bills of Materials; Bills of Material;
73,Boot Loader,BootLoader;
74,Bourne Shell,sh; BourneShell; Bourne-Shell;
75,Brainbench,Brain Bench;
76,BREW, 
77,Brio 6.5,Brio6.5;
78,Brio Designer,BrioDesigner;
79,Brio EIS,BrioEIS; Brio Executive Interface System;
80,Brio Enterprise Suite,Brio EnterpriseSuite;
81,Brio intelligence,BrioIntelligence;
82,Brio Performance Suite,Brio PerformanceSuite;
83,Brio Reports,BrioReports;
84,Brio, 
85,Bugzero,Bug Zero;
86,Bugzilla, 
87,Business Analyst,BusinessAnalyst;
88,Business Development Manager, 
89,Business Intelligence,BusinessIntelligence; BI;
90,Business Objects 6.5,BusinessObjects6.5; Business Objects6.5;
91,Business Objects Admin,Business Objects Administrator; Business Objects Administration; BO Admin; BO Administrator; BO Administration;
92,Business Objects,Business Object; BO; BusinessObjects; BusinessObject;
93,C Shell,csh; Cshell; C-Shell;
94,C, 
95,C#,C Sharp; C# 2.0; C#.NET; C #; C#3.0; C#2.0; C# 3.0; Csharp;
96,C++,C ++; Cpp;
97,CA-7,CA/7; CA7; CA 7;
98,Calypso, 
99,Oracle Portal,OraclePortal;
100,CCNA,Cisco Certified Network Administrator;
101,CDMA, 
102,CGI,Common Gateway Interface;
103,Change Management,ChangeManagement;
104,CICS, 
105,Cisco Routers,Cisco Router;
106,Cisco, 
107,Citrix, 
108,ClearCase,Clear Case; Rational-Clearcase; RationalClearcase;
109,ClearQuest,Clear Quest; RationalClearQuest;
110,Clipper, 
111,CLIST,C-List;
112,CMSynergy, 
113,Co>Operating System,Co>Operating Systems;
114,COBIT, 
115,COBOL,COBOLII;COBOL2; COBOL74; COBOL-74; COBOL-85; COBOL85;
116,Cognos,Cognos8; Cognos8.1; IBMCognos;
117,ColdFusion,Cold Fusion;
118,Component Object Model,Component ObjectModel;
119,COM+,Component Object Model+;
120,Compiler, 
121,Configuration Management,ConfigurationManagement;
122,Content Writer,Content Writing;
123,CORBA,Common Object Request Broker Architecture;
124,CorelDraw,Corel Draw;
125,Crystal Enterprise,CrystalEnterprise;
126,Crystal Reports 10.0,Crystal Reports10.0;
127,Crystal Reports 11,Crystal Reports11.0; CrystalReports 11.0; Crystal Reports 11.0; Crystal Reports XI;
128,Crystal Reports 9.0,Crystal Reports9.0; CrystalReports 9.0;
129,Crystal Reports,CrystalReports; Crystal Report; CystalReport;
130,CSS,Cascading Style Sheet; Cascaded Style Sheet; CSS2.0; CSS3.0; Cascading Style Sheets;
131,Cursors,Cursor;
132,CVS,Control Version Source;
133,CVSNT, 
134,DAO,Data Access Objects; Data Access Object; DataAccess Objects; DataAccess Object;
135,Data Analyst,DataAnalyst; Data Analayst;
136,Data Architect,DataArchitect;
137,Data cleansing, 
138,Data Guard,Dataguard;
139,Data Loader, 
140,Data Modeling,Data Modelling; Data Modeler; Data Modeller; DataModelling; DataModeller; DataModeler;
141,Data pump,Datapump;
142,Data Warehouse Developer,Data Ware House Developer; Data Warehouse Consultant;
143,Data Warehousing,Data Ware housing; Datawarehouse; Data Warehouse;
144,Database Modeling, 
145,Datastage Designer,Data Stage Designer;
146,Datastage Director,Data Stage Director;
147,Datastage Manager,Data Stage Manager;
148,DB Packages,Dbpackages;
149,DB2 8.2, 
150,db2 dba,db2 database administrator; db2 certified dba; DB2 UDB 7.2 administration; DB2 UDB dba; DB2 UDB V9 Database administrator; DB2 UDB Database Administrator; db2/udb dba; db2dba;
151,DB2 relational connect,DB2 relationalconnect; DB2 connect;
152,DB2 Replication Center,DB2 ReplicationCenter; DB2Replication Center;
153,DB2 SQL replication,DB2 SQLreplication;DB2 DPROP;
154,db2 udb,db2udb; DB2 UDB v 8.1.16; DB2 UDB 9.1; DB2 UDB ESE; DB2 UDB EEE; db2/udb;
155,DB2,DB-2; DB 2; DB/2; udb db2;
156,DB2ADVIS,DB2 ADVIS;
157,DB2LOOK,DB2 LOOK;
158,DB2MOVE,DB2 MOVE;
159,DBA,Database Administrator; Database Administration; Data base Administrator; Data base Administration;
160,DBArtisan,DB Artisan;
161,Dbase, 
162,DBLINK, 
163,DCOM,Distributed Component Object Model;
164,Delphi,BorlandDelphi;
165,Designer 2000,Designer2000;
166,Desktop Client,Desktopclient;
167,Developer 2000,Developer2000;
168,Device Driver,Device Drivers; DeviceDriver; DeviceDrivers;
169,DHTML,Dynamic Hypertext Markup Language; Dynamic Hyper text Markup Language; Dynamic HTML; DynamicHTML;
170,Discoverer PLUS,Oracle Discoverer PLUS;
171,DMExpress, 
172,DNS, 
173,Documentum 5.2.5, 
174,Documentum 5.3, 
175,Documentum Administrator,DocumentumAdministrator;
176,Documentum Content Server, 
177,Documentum, 
178,DOM,Document Object Model; Document ObjectModel;
179,Domino, 
180,DR,Disaster Recovery; disasterrecovery;
181,Dreamweaver,Dream weaver; DreamWeaverMX; Dream WeaverMX;
182,DTS,DTS Packages; Data Transformation services; Data Transformation service;
183,EAI,Enterprise Applications Integration; Enterprise Application Integeration;
184,EAR,Java Enterprise Archive; Java EnterpriseArchive;
185,ECC,ERP Central Component; Enterprise Resource Planning Central Component;
186,Eclipse,Eclipse2.0/3.0; Eclipse2.0; Eclipse3.0;
187,EDI,Electronic Data Interchange;
188,EIM,Enterprise Intergration Manager;
189,EIS,Executive Interface System;
190,EJB 2.0,EJB2.0; Enterprise JavaBeans 2.0; Javabeans 2.0;
191,Embedded, 
192,ER/Studio,ERStudio; ER Studio;
193,ERP,Enterprise Resource Planning;
194,ERWIN,ERWIN 3.x; Erwin tool; ERWIN 3.5.2;
195,Essbase,Ess base;
196,Peoplesoft SOA,People Soft SOA; Peoplesoft Service Oriented Architecture; People soft Service Oritented Architecture;
197,Ethernet, 
198,ETL Developer,ETL Consultant; Extraction Loading and Transformation Consultant;
199,ETL,Extraction Loading and Transformation; Extraction Loading Transformation; Extract Transform and Load; Extract Transform Load;
200,Excel,MSExcel;
201,Exchange Server,ExchangeServer; Exchange Server2003; Exchange Server2007;
202,FDW,Financials Datawarehouse; Financial Datawarehouse; Financials Data Warehouse; Financial Data Warehouse;
203,FILE-AID,Fileaid;
204,FileNet, 
205,FireWall,Firewalls; Fire Walls; Fire Wall;
206,Fireworks,Fire Works;
207,Firstlogic, 
208,Flash,Flash8; MacromediaFlash; Adobe FlashCS3;
209,Flat File,FlatFile;
210,Flex, 
211,fndload, 
212,Forms 10g,Forms10g;
213,Forms 6i,Forms6i;
214,Forms 9i,Forms9i;
215,Fortran, 
216,Foxbase, 
217,Foxpro,Fox pro;
218,Freehand,Free hand;
219,Frontpage,Front Page; MSFrontPage; MSFront page; MicrosoftFrontpage; MicrosoftFront Page;
220,FTP, 
221,Functional Testing,Functional Test;
222,gdb,GDB-DDD;
223,GIS,Geographic Information System;
224,GNU, 
225,Graphics, 
226,GRASS, 
227,GSM, 
228,GUI,Graphical User Interface; Graphical UserInterface;
229,gvSIG, 
230,HACMP, 
231,HAL,Hyperion Application Link;
232,HIBERNATE,Hybernate;
233,HP-UX Admin,HP-UX Administrator; HP-UX Administration; HP UX Admin; HP UX Administration; HP UX Adminstrator;
234,HP-UX,HP-UNIX; HP UNIX; Hewlett Packard UniX; HP/UX;
235,HRDW,HR datawarehouse; HR Dataware housing;
236,HTML,Hypertext Markup Language; Hyper Text Markup Language;
237,HTTP,Hyper Text Transfer Protocol; HyperText Transfer Protocol;
238,HTTPS, 
239,Hyperion Dashboard Builder, 
240,Hyperion iServer, 
241,Hyperion Planning, 
242,Hyperion Reports, 
243,Hyperion server, 
244,Hyperion SQR,Hyperion SQR8.3; Hyperion Structured Query Reporter;
245,Hyperion,Hyperion9i; Hyperion 9i;
246,IAD, 
247,IAM,Identity and Access Management;
248,Ibatis, 
249,IDE,Integrated Development Environment;
250,IDM,Security Identity Management; Security IdentityManagement;
251,IDMS,Integrated Database Management System;
252,Idoc, 
253,iExpense, 
254,IIS,Internet Information Server; InternetInformationServer; Internet InformationServer;
255,Illustrator,IllustratorCS2; IllustratorCS3;
256,Imageready,Image ready;
257,IMAP,Internet Message Access Protocol; IMAP4;IMAP4rev1;
258,Impromptu,CognosImpromptu;
259,IMS,IMS DB/DC; IMS/DB; IMS/DC;
260,Indesign, 
261,Informatica PowerCenter,Informatica Power Center;Informatica Power Center 8.1; Informatica Power Center 7.1;
262,Informatica PowerConnect,Informatica Power Connect;
263,Informatica,Informatica7.x; Informatica6.x; Informatica8.x;
264,informix dba,informix database administrator; informix database administration; informix data base administrator; informix data base administration;
265,informix, 
266,Ingres, 
267,Integration Broker,IntegrationBroker;
268,Integration Testing,IntegrationTesting;
269,intel,intel x86;
270,Interbase, 
271,iPlanet, 
272,ISDN, 
273,ISPF,TSO/ISPF; Time Sharing Option/ISPF;
274,isqlplus, 
275,ITDS,IBM Tivoli Directory Server;
276,J2EE,Java 2 Platform Enterprise Edition application; Java 2 Platform Enterprise Edition;
277,JAVA,corejava; sunjava;
278,Javascript,Java Script;
279,JAXB,Java Architecture for XML Binding;
280,JAX-RPC,JAX RPC;
281,JAX-WS, 
282,Jboss,Jboss Application Server; JBoss AS;
283,Jbuilder, 
284,JCL,JCLs; Job Control Language;
285,JD Edwards,JDEdwards;JD.Edwards;
286,JDBC,Java Database Connectivity; JDBC3.0; JDBC2.0;
287,Jdeveloper, 
288,JDK,java development kit; jdk1.0; jdk1.3; jdk1.2;
289,Jmeter, 
290,JMS,Java Message Service; Java Message Services; Java MessageService; Java MessageServices;
291,JNDI,Java Naming Directory Interface; Java Naming and Directory Interface;
292,JSF,JavaServer Faces; javaserverfaces; javaserver face; Java Server Faces;
293,JSON,JavaScript Object Notation;
294,JSP,Java Server Pages; Javaserverpages;JavaServer Pages;
295,JUMP GIS,JUMP Geographic Information System;
296,Junit, 
297,JVM,java virtual machine; Java VirtualMachine;
298,Korn Shell,ksh; KornShell; Korn-Shell;
299,LAN,Local Area Network;
300,Lawson, 
301,LDAP, 
302,Linux Admin,Linux Administration; Linux Administrator; Linux System Admin; Linux System Administrator;
303,Linux Internals, 
304,Linux Kernel, 
305,Linux Shell,Linux Shell Programming;
306,SAP AR, 
307,Telecomm Engineer,Tele Comm Engineer; Telecom Engineer;
308,Linux,RedhatLinux; CalderaLinux; EduLinux;SUSELinux; Red hat Linux; ubuntu linux; Calderal Linux; Edu linux; SUSE Linux;
309,LoadRunner,Load Runner;
310,Log4j, 
311,Lotus Domino Administrator,Lotus Domino Admin; LotusDomino Administrator; LotusDomino Admin;
312,Lotus Domino,LotusDomino;
313,Lotus Notes,Lotus Notes/Domino; Lotus Domino R7;
314,LotusScript,Lotus Script;
315,Mainframe,Main Frame;
316,Manual Testing,Manual Test; ManualTesting;
317,MapInfo, 
318,MapServer, 
319,Matlab,Mat lab;
320,Maximo, 
321,MCP, 
322,MCSE, 
323,MCTS, 
324,MDW,Multidimensional warehouse;
325,MetaStage,Meta Stage;
326,MFC,Microsoft Foundation Class;
327,Microcontroller,Micro Controller;
328,Microsoft Commerce Server,MS Commerce Server; Microsoft CommerceServer; MS CommerceServer;
329,Microsoft Site Server,MS Site Server; MS SiteServer; Microsoft SiteServer;
330,MicroStrategy Administrator,MicroStrategy Admin;
331,MicroStrategy Agent, 
332,MicroStrategy Architect, 
333,MicroStrategy Desktop, 
334,MicroStrategy Intelligence Server, 
335,MicroStrategy Report Services, 
336,MicroStrategy Suite,MicroStrategy BI Suite; Micro Strategy BI Suite;
337,MicroStrategy Web, 
338,Microstrategy,Micro Strategy;
339,Middleware,Middle Ware;
340,Migration, 
341,MOM,Microsoft Operation Management; Microsoft Operations Management; Microsoft Operation Manager; Microsoft Operations Manager;
342,montavista, 
343,motorola, 
344,MQ Adapter,MQAdapter;
345,MQ Workflow,WebSphere MQ Workflow;
346,MQSeries,MQ Series;
347,MRP,Material Requirement Planning;
348,MS Project,Microsoft Project; MSProject; MicrosoftProject;
349,MSBUILD,MS Build; MicrosoftBuild; Microsoft Build;
350,MSCA,Mobile Supply Chain Application;
351,MSMQ, 
352,MSS,Manager Self Service;
353,MTS, 
354,Multimedia,Multi media;
355,Multithreaded,Multi-Threaded; Multi Threaded; Multi Thread;
356,MVC,Model View Controller;
357,MVS,MVS/ESA;
358,MWA,Mobile Web Application; Mobile WebApplication;
359,mySAP, 
360,MySQL DBA,MySQL Database Adminstrator; MySQL Data Base Administrator;
361,MySQL, 
362,NetBackup, 
363,NetBeans, 
364,NetObjects Fusion, 
365,Netware,Novell Netware; NovellNetware;
366,Network Engineer,Networking Engineer;
367,NFS, 
368,Nhibernate, 
369,OBIEE,Oracle Bi Suite Enterprise Edition;
370,OCFS,Oracle Cluster File System; OCFS2;
371,ODBC,open database connectivity; open data base connectivity;
372,OEM,Oracle Enterprise Manager;
373,OID,Oracle Internet Directory;
374,OLAP,On Line Analytical Process; On Line Analytical Processing; OnLine Analytical Process; OnLine Analytical Processing;
375,OLTP,On Line Transaction Processing; Online Transaction Processing;
376,OMNI, 
377,OOAD,Object Oriented Analysis Designs; Object Oriented Analysis Design;
378,OOD,Object Oriented Design;
379,OOP,OOPS; Object Oriented Programming;
380,openSSH, 
381,openSSL, 
382,OPM,Oracle Process Manufacturing;
383,Oracle 10g,Oracle10g;ORACLE 10g R2;
384,Oracle 11g, 
385,Oracle 8i,Oracle8i;
386,Oracle 9i,Oracle9i;
387,Oracle Application Server,Oracle Applicationserver; Oracle Applications Servers; OAS;
388,Oracle Applications Consultant,Oracle Apps Consultant;
389,Oracle Apps DBA,Oracle Applications DBA; Oracle Application DBA; Oracle AppsDBA;Oracle Applications DBA Rel 11i;
390,Oracle Apps Functional,Oracle Applications Functional; Oracle Application Functional;
391,Oracle Apps Technical,Oracle Applications Technical;
392,Oracle Apps Techno Functional, 
393,Oracle Apps,Oracle Applications 11i; Oracle Applications 11.5.x; Oracle Apps 11.5.10.2; Oracle Application; Oracle Applications;
394,Oracle Clinical, 
395,Oracle CRM,Oracle CRM 11.5.7; Oracle Customer Relationship Management; Oracle Customer Relationship Management Apps;
396,Oracle Database Server,Oracle Data Base Server;
397,Oracle DBA,Oracledba; oracle database administrator; oracle database administration; Oracle production DBA; Oracle 9i Certified DBA; oracle 10g dba; oracle 11g dba; oracle 8i dba; oracle 8 dba;
398,Oracle Designer, 
399,Oracle Developer, 
400,Oracle Discoverer,Oracle Discoverer 10g; Oracle Discoverer10g; Discoverer 10g; Discoverer;
401,Oracle E-Business,Oracle E-Business Suite;
402,Oracle EDI,Oracle Electronic Data Interchange;
403,Oracle Express, 
404,Oracle Financials,Oracle Financials 11.5.10; Oraclefinancials; Oracle Applications Financials; Oracle Financial 11i; Oracle Financials 11i; Oracle Financial;
405,Oracle Functional Consultant,Oracle Functional Developer;
406,Oracle Fusion, 
407,Oracle PO,Oracle Purchasing; OraclePO;
408,Oracle Recovery Manager, 
409,Oracle SCM, 
410,Oracle Spatial, 
411,Oracle Technical developer,Oracle Technical Consultant;
412,Cisco Admin,CiscoAdmin; Cisco Administration; Cisco Administrator;
413,Oracle Techno Functional Consultant,Oracle TechnoFunctional Consultant; Oracle Techno-Functional Consultant;
414,Oracle WorkFlow,Oracle Work Flow; OracleWorkFlow;
415,Oracle, 
416,Orbit GIS,Orbit Geographic Information System;
417,ORM,Object-Relational Mapping; Object Relational Mapping;
418,OS/2,OS-2; OS 2;
419,OS/390,OS-390; OS 390;
420,OS/400,OS-400; OS 400;
421,OWS,Operational Warehouse Staging;
422,P2P,Procure-To-Pay;
423,PABX, 
424,PageMaker,Page Maker;
425,Paradox, 
426,Pascal, 
427,PDW,Procurement Datawarehouse;
428,PEGA, 
429,Peoplecode Debugger,People Code Debugger;
430,Peoplecode,People code;
431,peoplefinder,People finder;
432,Peoplesoft Admin,People soft Admin; Peoplesoft Administrator; Peoplesoft Administration; People soft Administrator; People soft Administration;
433,Peoplesoft CRM,People Soft CRM; People soft Customer Relationship Management;
434,Peoplesoft DBA,People soft DBA; Peoplesoft Database Administrator; PeopleSoft Database Administration;
435,Peoplesoft Developer,People soft Developer; PeoplesoftDeveloper;
436,Peoplesoft EPM,PS EPM; People soft EPM; PeopleSoft EPM Consultant; PeopleSoft EPM 8.8; PeopleSoft EPM 8.9; PeopleSoft EPM 9.0; People Soft EPM 8.3; Peoplesoft Enterprise performance management; People soft Enterprise performance management;
437,Peoplesoft ERP,Peoplesoft Enterprise Resource Planning;
438,PeopleSoft Finance, 
439,Peoplesoft Financial,PeoplesoftFinancial; Peoplesoft Financials; PeoplesoftFinancials; People soft Financial; People soft Financials; PeopleSoft Financials 8.8;
440,Peoplesoft Functional,People Soft functional; peoplesoft functional consultant;
441,Peoplesoft HCM,PeoplesoftHCM; People soft HCM; Peoplesoft HCM 9.0; Peoplesoft HCM 9.1;
442,PeopleSoft HR,PeopleSoftHR; PeopleSoft Human Resources; People Soft HR; People Soft Human Resources; Peoplesoft HR module; People soft HR module;
443,PeopleSoft HRMS,PeopleSoftHRMS; People Soft HRMS; PeopleSoft HRMS 7.5; PeopleSoft HRMS 8.3; PeopleSoft HRMS 8.8; PeopleSoft HRMS 8.9; Peoplesoft Human Resource Management Systems;
444,PeopleSoft Payroll,PeopleSoftPayroll; PeopleSoft Payroll Process;
445,Peoplesoft Portal,People soft portal;
446,PeopleSoft Query,People Soft Query;
447,Peoplesoft SCM,People Soft SCM;
448,Peoplesoft Technical,People Soft technical; peoplesoft technical consultant;
449,PeopleSoft Techno Functional, 
450,Peoplesoft Tester,People Soft Tester;
451,Peoplesoft,People soft; Peoplesoft 9.0; people soft 9.0; peoplesoft 8.9; people soft 8.9; peoplsoft;
452,Peopletools,People tools; PeopleTools 8.4; PeopleTools 8.20; PeopleTools 8.1;People Tools 8.4.2; Peopletools 8.4.5;
453,Performance Center,Mercury PerformanceCenter; PerformanceCenter;
454,Performance Tuning,Performancetuning; performance tunning;
455,Perl Script,Perl Scripting;
456,Perl, 
457,Photoshop,Photo shop; PhotoshopCS2; AdobePhotoshop;PhotoshopCS3; Photoshop CS2; Photoshop CS3; Photoshop CS4; Photoshop CS5; Photoshop CS6;
458,PHP, 
459,PL/I,PL/1;
460,PL/SQL,PL-SQL; PL SQL; PLSQL; PL / SQL;
461,PlateSpin,Plate Spin;
462,PMP,Project Management Professional Certification; Project Management Professional;
463,PostgreSQL, 
464,PowerBuilder 10.5,Power Builder 10.5; PowerBuilder10.5;
465,PowerBuilder 11.0,Power Builder 11.0; PowerBuilder11.0;
466,PowerBuilder Developer,Power Builder Developer;
467,PowerBuilder,Power Builder;
468,PowerBuilder.Net, 
469,PowerPC, 
470,Powerpoint,MSPowerpoint; MicrosoftPowerpoint; Power point;
471,PowerShell scripting, 
472,Pro*C,Pro * C; Pro C;
473,PROC FREQ, 
474,PROC MEANS, 
475,PROC REPORT, 
476,PROC SORT, 
477,Proc SQL, 
478,Process Scheduler,ProcessScheduler;
479,ProfileStage,profile stage;
480,Project Manager,Project Management; PM; Project Lead
481,protocol, 
482,PS query, 
483,pSeries, 
484,PVCS Tracker,PVCS;
485,Python, 
486,QA Analyst,Quality Assurance Analyst;
487,QA Lead,Quality Assurance Lead;
488,QA,Quality Assurance; Quality Analysis; Quality Testing;
489,QM,Quality Management;
490,QMF, 
491,Quality Center,QualityCenter;
492,QualityStage,Quality Stage;
493,Quark Xpress,QuarkExpress;
494,Query Analyser,QueryAnalyser;
495,Query Builder,QueryBuilder;
496,Query Studio,QueryStudio;
497,Quick Testpro,Quick Test Pro; QTP; Quick Test Professional;
498,RAC,Real Application Clusters; Real Application Cluster; Real Application clustering; Oracle Real Application Cluster;
499,RAD,rad 7.0; rapid application developer;
500,RAID, 
501,Rational Requisite Pro,RationalRequisitePro; Rational RequisitePro;
502,Rational Robot,RationalRobot;
503,Rational Rose,RationalRose;
504,Rational Soda,RationalSoda;
505,Real time,Realtime;
506,Recovery, 
507,Recruiter,TechnicalRecruiter; Recruiting; Recuriter;
508,Regression Testing,RegressionTesting; Regression Test;
509,Remedy, 
510,Replication Server,Sybase Replication Server; ReplicationServer; Sybase ReplicationServer;
511,Report Studio,ReportStudio;
512,ReportNet,CognosReportNet; Report Net;
513,Reports 10g,Reports10g;
514,Reports 6i,Reports6i
515,Reports 9i,Reports9i;
516,RHEL, 
517,RMAN, 
518,RMI,Remote Method Invocation; rmi-iiop; rmi/iiop;
519,RPG,Report Program Generator; RPG/400;
520,RS/6000,IBM RS6000;
521,RS232, 
522,RTX, 
523,Ruby,Ruby on Rails; Jruby; Ruby Rails; Rails; RoR;
524,RUP,Rational Unified Process;
525,Samba, 
526,SAML,Security Assertion Markup Language;
527,SAN,Storage Area Network;
528,SAP ABAP,SAP ABAP/4;
529,SAP AFS,SAP Apparel and Footwear Solution; SAP Apparel Footwear Solution;
530,SAP ALE,SAP-ALE;
531,SAP AM,SAP Asset Management;
532,SAP Analytics,SAPAnalytics;
533,SAP APO,SAP Advanced Planner Optimizer; SAP Advanced Planner and Optimizer;
534,SAP BASIS, 
535,SAP BI,SAP Business Intelligence;
536,SAP Business Analyst,SAP BusinessAnalyst; SAP/Business Analyst;
537,SAP BW,SAP Business Information Warehouse;
538,SAP CCM,SAP Catalog Content Management;
539,SAP CO,Controlling;
540,SAP Console,SAPConsole;
541,SAP CO-PA,SAP Profitability Analysis;
542,SAP CO-PC,SAP Product Cost Planning;
543,SAP CRM,SAP Customer Relationship Management;
544,SAP DBA,SAP Database Administrator; SAP Data base Administrator;
545,SAP EBP,SAP Enterprise Buyer Professional;
546,SAP ECC,SAP ERP Central Component; SAP Enterprise Resource Planning Central Component;
547,SAP Enterprise Learning, 
548,SAP EP,SAP Enterprise Portal;
549,SAP ERP,SAP Enterprise Resource Planning;
550,SAP FI,SAP Financial Accounting;
551,SAP FICO,SAP FI/CO; SAP FI-CO; SAP FI CO;SAP Financial and Controlling;
552,SAP Financials, 
553,SAP Functional Analyst, 
554,SAP Functional, 
555,SAP GUI,sapgui; SAP Graphical User Interface;
556,SAP HCM Functional,SAP Human Capital Management Functional;
557,SAP HCM,SAP Human Capital Management;
558,SAP HR,SAP Human Resources;
559,SAP HRMS,SAP Human Resource Management Systems;
560,SAP IM,SAP Inventory Management;
561,SAP ITS,SAP Internet Transaction Server;
562,SAP KW,SAP Knowledge Warehouse;
563,SAP LE,SAP Logistics Execution;
564,SAP LS, 
565,SAP Manufacturing, 
566,SAP MDM,SAP Master Data Management;
567,SAP MM,SAP Material Management; SAP Materials Management; SAPMM;
568,SAP Netweaver,SAP Net Weaver; Netweaver; Net Weaver; SAP NetWeaver Developer Studio;
569,SAP PE, 
570,SAP PI, 
571,SAP PLM,SAP Product Lifecycle Management; SAP Product Life Cycle Management; SAP/PLM;
572,SAP PM,SAP Plant Maintenance;
573,SAP Portal,SAP Portals;
574,SAP PP,SAP Production Planning;
575,SAP PP-PI,SAP Production Planning Process Industries;
576,SAP PS,SAP Project Sytstem;
577,SAP QM,SAP Quality Management;
578,SAP R/3,SAP R/3 Basis;
579,SAP R/5,SAPR/5;
580,SAP RE, 
581,SAP SCM,SAP Supply Chain Management;
582,SAP Script,SAPScripts; SAP Scripts; SAPScripts;
583,SAP SD Functional,SAP Sales and Distribution Functional;
584,SAP SD Technical,SAP Sales and Distribution Technical;
585,SAP SD,SAP Sales and Distribution; SAP Sales Distribution;
586,SAP Security,SAP-Security;
587,SAP SEM,SAP Strategic Enterprise Management;
588,SAP Server, 
589,SAP SRM,SAP Supplier Relationship Management;
590,SAP TDMS,SAP Test Data Migration Server;
591,SAP Technical, 
592,SAP TEM,SAP Training and Event Management;
593,SAP Tester,SAP Validation Engineer; SAP Validation Tester;
594,SAP WM,SAP Warehouse Management; SAP Ware House Management;
595,SAP XI,SAP Exchange Infrastructure;
596,SAP, 
597,SAS Clinical,Clinical SAS;
598,SAS Datasets,SAS Data Sets;
599,SAS Developer,SAS Analyst; SAS Programmer; SAS Consultant;
600,SAS Graph, 
601,LAMP, 
602,SAS Macro,SAS/Macro; SAS-Macros; SAS Macros;
603,SAS OLAP,SAS On line Analytical Process; SAS On line Analytical Processing; SAS Online Analytical Process; SAS Online Analytical Processing;
604,SAS SQL,SAS/SQL; SAS-SQL;
605,SAS Stat,SAS/STAT;
606,SAS, 
607,SAS/ACCESS,SAS ACCESS;
608,SAS/CONNECT,SAS CONNECT;
609,SAS/Enterprise Miner,SAS Enterprise Miner;
610,SAS/ETL,SAS ETL; SAS Extraction Loading and Transformation;
611,SAS/ODS,SAS ODS;
612,SAX,Simple API for XML; Simple Application Programming Interface for XML;
613,SDK,Software Development Kit;
614,SDLC,Software Development Life Cycle;
615,Security, 
616,SEEC, 
617,SendMail, 
618,Servlet 2.5,Servlet2.5;
619,Servlet 3.0,Servlet3.0;
620,Servlet,Servlets2.2; servlets; Servlet2.2;
621,SharePoint Server 2007,Microsoft Office SharePoint Server 2007;
622,SharePoint Server,Microsoft Office SharePoint Server;
623,Sharepoint,MOSS; share point;
624,Shell Script,Shell Scripting; ShellScript; ShellScripting;
625,Siebel Admin,Siebel Administrator; Siebel Adminstration;
626,Siebel Analytics,Siebel Analytics Server;
627,Siebel Configuration,Siebel Configurator;
628,Siebel CRM,Siebel sales; Siebel Call Center; Siebel CallCenter; Siebel Customer Relationship Management;
629,Siebel EAI,Siebel Enterprise Application Integration; Siebel Enterprise Applications Integration;
630,Siebel eBusiness,Siebel epharma;
631,Siebel eScript,SiebeleScript;
632,Siebel QA,SiebelQA; Sieble Quality Assurance Analyst;
633,Siebel Tester,SiebelTester; Siebel Testing;
634,Siebel Tools, 
635,Siebel, 
636,SilkTest,Silk Test;
637,Simulink, 
638,Siteminder, 
639,SixSigma,Six Sigma;
640,Smalltalk,Small talk;
641,SMAPI,Simple Messaging Application Programming Interface;
642,SmartForms,Smart Forms;
643,SMTP, 
644,SNMP,Simple Network Management Protocol; Net-SNMP;
645,Snow Flake Schema, 
646,SOA,Service Oriented Architecture;
647,SOAP,Simple Object Access Protocol;
648,Socket Programming, 
649,Solaris Admin,Solaris Administrator; Solaris Administration;
650,Solaris,SunSolaris;
651,Solution Manager,SolMan 4.0; SAP Solution Manager;
652,SOX, 
653,SPARC,SPARC/x86;
654,Spring,Springs; Javasprings; javaspring; Spring Framework;
655,SPUFI, 
656,SQL Navigator,SQLNavigator;
657,SQL Profiler,SQLProfiler;
658,SQL Server DBA,SQLServer DBA; SQL Server Database Administrator; SQL Server Database Administration; SQLServerDBA; MS SQL Server DBA; MS SQLServer DBA;
659,SQL Server Developer, 
660,SQL Server,MS SQL Server 2005; MS SQL Server 2000; MS SQL Server 2007; MS SQL Server 2008; SQLServer 2005; SQLServer 2007; SQLServer 2008; Microsoft SQL Server;SQL Server 2000/2005; MS SQL Server; MS SQLServer;
661,SQL Trace,SQLTrace;
662,SQL, 
663,SQL*LOADER,SQL * LOADER; SQL* LOADER; Oracle SQL*Loader; SQLloader; SQL Loader;
664,SQL*PLUS,SQL * PLUS; SQL* PLUS; SQL Plus; SQLPlus;
665,SQL*Reportwriter,SQL * Reportwriter;
666,SqlLite,SQL Lite Speed; SQL Lite;
667,SQLNet,SQL Net; SQL*Net; SQL * Net;
668,SQR,Structured Query Reporter;
669,SRVCTL, 
670,SSAS,SQL Server Analysis Services; SQL Server Analysis Service;
671,SSIS,SQL Server Integeration Service; SQL Server Integeration Services;
672,SSL, 
673,SSMS,SQL Server Management Studio;
674,SSO,Oracle Single Sign-On;
675,SSRS,SQL Server Reporting services; SQL Server Reporting service; SQLServer Reporting services; SQLServer Reporting service;
676,Star Schema,StarSchema;
677,Statspack, 
678,STL, 
679,Stored Procedures,storedprocedures; stored procs;
680,struts,javastruts; struts framework; jakarta struts; jakartastruts;
681,Sun Certified,Sun Certification;
682,SunOne,Sun One;
683,SVN,Source Version Control;
684,Swing,JavaSwing;
685,SwissSQL, 
686,Sybase ASE 11.9.2, 
687,Sybase ASE 12.5.3, 
688,Sybase ASE,SybaseASE;
689,sybase dba,sybasedba; sybase database administration; sybase database administrator;
690,Sybase Developer,Sybase Consultant;
691,Sybase, 
692,Symbian, 
693,SyncSort, 
694,System Admin,Sys Admin; System Administration; System Administrator;
695,System Programming,Systems Programming;
696,System Testing, 
697,TAMeb,Tivoli Access Manager for e-business;
698,Tandem, 
699,TCP/IP,tcp ip; tcp-ip;
700,Technical Writer,Technical Writing;
701,Telecom,Telecomm; Tele comm;
702,Teradata Administrator,TeradataAdministrator; Teradata Admin; TeradataAdmin; Teradata Administration;
703,teradata dba,tera data dba; Teradata Database Administrator; Tera data Database Administrator;
704,TeraData Developer,Tera Data Developer;
705,Teradata Manager,TeradataManager;
706,Teradata Parallel Transport, 
707,Teradata SQL, 
708,Teradata,Tera Data;
709,Test Cases, 
710,Test Data, 
711,Test Plans, 
712,Test Scripts, 
713,TestDirector,Test Director;
714,TestManager,Rational TestManager; Test Manager;
715,TIBCO Active Database, 
716,TIBCO Admin,TIBCO Administrator; TIBCO Administration;
717,Tibco Business Connect, 
718,TIBCO Business Works, 
719,TIBCO Designer, 
720,TIBCO EMS, 
721,TIBCO Hawk, 
722,TIBCO Rendezvous, 
723,TIBCO, 
724,TIM,Tivoli Identity Manager;
725,Tivoli Admin,Tivoli Administrator; Tivoli Administration;
726,Tivoli, 
727,TKPROF, 
728,TOAD, 
729,Token Ring,TokenRing;
730,Tomcat,tomcat webserver; tomcat web server;
731,Toplink, 
732,Trackplus, 
733,Triggers,Trigger;
734,Trillium, 
735,TSET,Teradata System Emulation Tool; Tera data System Emulation Tool;
736,TSM,tivoli storage manager;
737,TSO,Time Sharing Option;
738,T-SQL,TSQL; T SQL; Transact-SQL;
739,UAT,User Acceptance Test; User Accecptance Testing;
740,U-Boot,UBoot;
741,UDDI,Universal Discovery and Description Integration; Universal Discovery Description Integration
742,UML,Unified Model Language; Unified Modeling Language;
743,UMTS, 
744,Unicenter,Unicenter NSM; Unicenter DSM;
745,Unit Testing,UnitTesting; Unit Test;
746,Unix Admin,Unix Administration; Unix Administrator; Unix System Admin; Unix System Administrator; Unix Systems Administration; Unis Systems Administrator;
747,Unix Internals, 
748,Unix Kernel, 
749,Unix Shell Script,Unix Shellscripting; Unix Shellscripts; Unix Shell Scripting; Unix Shell Scripts; Unix ShellScripts;
750,unix,sco unix; sco-unix; scounix;
751,USB, 
752,Use Cases,UseCases;
753,VAX,Virtual Address Extension;
754,VB,Visual Basic; MSVisual Basic; MicrosoftVisual Basic; VB6.0; Visual Basic6.0; Visualbasic;
755,VB.NET,Visual Basic .NET; Microsoft VisualBasic .Net; Microsoft Visualbasic.net;
756,VBA,Visual Basic for Applications;
757,VBScript,VB Script; Microsoft Visual Basic Script; Microsoft VB Script;
758,VC++,Visual C++; VisualC++;
759,Veritas Cluster server, 
760,Veritas NetBackup, 
761,Veritas Volume Manager, 
762,Veritas, 
763,Vignette, 
764,Vignette Content Management, 
765,Vignette Portal, 
766,Visio,MSVisio; MicrosoftVisio;
767,Visual Caf√©,VisualCafe;
768,Visual Foxpro,VisualFoxpro;
769,Visual InterDev,Visual Inter Dev; MSVisual InterDev;
770,Visual J++,VisualJ++;
771,Visual Studio 2003,VisualStudio 2003;Visual Studio.Net 2003; VisualStudio.net 2003;
772,Visual Studio 2005,VisualStudio 2005;Visual Studio.Net 2005; VisualStudio.net 2005;
773,Visual Studio 2008,VisualStudio 2008; Visual Studio.Net 2008; VisualStudio.net 2008;
774,Visual Studio.NET,Visual Studio.NET; MS Visual Studio.NET;
775,VisualAge, 
776,VLSI,Very Large Scale Integration;
777,VOIP, 
778,VPN, 
779,VSAM,Virtual Storage Access Method;
780,VSS,Visual Source Safe; Visual SourceSafe;
781,VTAM,Virtual Telecommunications Access Method; Virtual Telecommunications Access Methods;
782,VxWorks, 
783,WAN,Wide Area Network;
784,WAP,Wireless Application Protocol;
785,WAR,Java Web Archive;
786,WBIMB, 
787,WCF,Windows Communication Foundation; Windows Communication Foundations
788,Web 2.0,Web2.0;
789,Web Content Management,WCM;
790,Web Publisher,Webpublisher;
791,Web Services,WebServies; WebServices;
792,WebDynPro,Web DynPro;
793,WebFocus,Web Focus;
794,Webforms,Web Forms;
795,Weblogic 8.1,Web Logic 8.1; Weblogic Application Server 8.1; Web Logic Application Server 8.1;
796,Weblogic Admin,Weblogic Administrator; Weblogic Administration; Weblogic System Administration;
797,Weblogic Portal,Web logic portal; Weblogic Portal Developer; Web logic Portal Development;
798,Weblogic,Web Logic; BEA Weblogic; BEA Web logic; Weblogic Application Server;
799,WebMethods Admin,WebMethods Administration; WebMethods Administrator; Webmethods System Administration;
800,WebMethods Broker,Web Methods Broker Application;
801,WebMethods EDI,Webmethods Electronic Data Interchange;
802,WebMethods,Web Methods;WebMethods Integration Server;
803,WebSeal, 
804,WebSphere Admin,WebSphere Administrator; WebSphere Administration;
805,WebSphere Application Server,WebSphere Application Server 6.0;
806,WebSphere Commerce,Web Sphere Commerce; WebSphere E-Commerce;
807,WebSphere Data Analyzer,Websphere DataAnalyzer;
808,WebSphere DataStage,WebSphere Data Stage;
809,Websphere Message Broker,WMB; WMB 6;
810,Websphere MQ Admin, 
811,WebSphere MQ,WMQ; WebSphere MQSeries; WebspherMQ;
812,WebSphere Process Server,WPS;
813,WebSphere,Web Sphere;
814,White Box,Whitebox;
815,WID, 
816,Win CE,WinCE;
817,Win32 API,Win32 Application Programming Interface;
818,Windows 2000,Windows2000; Windows 2000 Professional; Window 2000; Win 2000; Win2000;
819,Windows 2003,Windows2003; Windows 2003 Server; Windows Server 2003; Windows 2003 Enterprise Server; Window 2003; Win 2003; Win2003;
820,Windows 2005,Windows2005; Windows 2005 Server; Windows Server 2005; Windows 2005 Enterprise Server; Window 2005; Win 2005; Win2005;
821,Windows 2008,Windows2008; Windows 2008 Server; Windows Server 2008; Windows 2008 Enterprise Server; Window 2008; Win 2008; Win2008;
822,Windows Admin,Windows Administrator; Windows Adminstration; Windows 2003 Admin; Windows Server Admin;
823,Windows NT 4.0,Windows NT 4.0 Server; Win NT 4.0; WinNT 4.0;
824,Windows NT Admin,Win NT Admin; Win NT Administrator;
825,Windows NT Backup, 
826,Windows NT,Win NT; Windows NT Server;
827,Windows Vista,WindowsVista; Win Vista;
828,Windows XP,Windows XP Professional; WindowsXP; WinXP;
829,Winforms,Windows Forms;
830,Winrunner,Win Runner;
831,Wireless,Wire less;
832,WiX, 
833,WM,Warehouse Management; Ware House Management;
834,WML,Wireless Markup Language;
835,Word,MSWord;
836,Workflow Builder,Work flow Builder;
837,WorkFlow Manager,Work Flow Manager;
838,Workflow,Work Flow;
839,WPF,Windows Presentation Foundation; Windows Persentation Foundations;
840,WSAD,WebSphere Studio Application Developer; Web Sphere Studio Application Developer; IBM WebSphere Studio Application Developer; IBM Web Sphere Studio Application Developer;
841,WSDL,Web Services Description Language;
842,WSS,Windows Sharepoint Services; Windows Sharepoint Service;
843,WWF,Windows Workflow Foundation; Windows Workflow Foundations;
844,Xdoclets, 
845,xDSL, 
846,XHTML,Extensible Hypertext Markup language; Extensible Hyper text Markup language;
847,XML WebServer,XML Web Server; XMLWebServer; Extensible Markup Language Web Server;
848,XML,Extensible Markup Language; MS XML; MSXML;
849,XmlSpy,XmlSpy 5.0; XmlSpy5.0;
850,XPEDITER, 
851,XSD, 
852,XSL, 
853,XSLT,Extensible Stylesheet Language Transformation;
854,Z/OS,MVS Z/OS; ZOS;
855,Oracle Identity Management,Oracle IdentityManagement;
856,Oracle ERP,OracleERP; Oracle Enterprise Resource Planning;
857,Silverlight, 
858,Silverlight 2.0,Silverlight2.0;
859,Acegi, 
860,AmiPro, 
861,Android, 
862,Anthill, 
863,APEX, 
864,AspectJ, 
865,Avaya, 
866,BADI, 
867,Bamboo, 
868,Basel, 
869,Bash, 
870,BGP, 
871,BladeLogic,Blade Logic;
872,Blaze, 
873,Bluetooth, 
874,BOBJ XI,BOBJ XI Developer;
875,BOSDK, 
876,BPEL, 
877,BridgeStream, 
878,Businessworks,Business Works;
879,Captiva, 
880,Celerra, 
881,Centura, 
882,Change Data Capture,CDC;
883,CheckPoint, 
884,Cisco CVP, 
885,Cisco IPCC, 
886,Cisco Pix Firewalls, 
887,Cisco Universal Contact Center Enterprise,UCCE;
888,Cisco VPN3000, 
889,Citrix Access, 
890,Citrix CPS,Citrix Presentation Server;
891,Citrix Secure Gateway, 
892,Clinical Data Warehouse,Clinical DataWarehouse;
893,CMMI, 
894,Codasyl, 
895,Complex Data Exchange,CDE;
896,Control-M Scheduler, 
897,Courion, 
898,Crawler, 
899,Data Integrator, 
900,Data Migration, 
901,DataCert AIMS, 
902,Dataflux,Data Flux;
903,DBUnit, 
904,Dev Inspect, 
905,Django, 
906,DotNetNuke,dotnet nuke;
907,DuckCreek, 
908,EasyTrieve, 
909,eBusiness Suite, 
910,eCommerce,e-Commerce; ecom; e-com; Electronic Commerce;
911,EIGRP, 
912,EMC SMARTS, 
913,Endeca, 
914,ENDUR, 
915,Epicor, 
916,ESB, 
917,ESSCMD, 
918,Fix Messaging,Financial Information eXchange Messaging;
919,FlashLite, 
920,FXMM, 
921,GIS Web Mapping,Geographic Information System Web Mapping;
922,Glassfish, 
923,Golden Gate, 
924,GPS, 
925,Greenplum, 
926,HIPAA, 
927,Holosofx, 
928,HP Blade, 
929,Hyperion Analyzer, 
930,Hyperion HFM, 
931,Iconix, 
932,ILOG, 
933,Infinium, 
934,Integration Manager, 
935,Interwoven Worksites,Interwoven worksite;
936,Introscope, 
937,iphone,i-phone; i phone;
938,JAAS, 
939,JAI,Java Advanced Imaging;
940,JavaMail, 
941,JCAPS, 
942,JD Edwards EnterpriseOne, 
943,Jolt, 
944,Jrocket, 
945,Jrules,Jrule;
946,Jtest, 
947,KVM, 
948,Liferay,Liferay Portal;
949,LINQ, 
950,LITEPOINT, 
951,LiveLink,Live Link;
952,LoanIQ, 
953,Lombardi, 
954,Luster, 
955,Manugistics, 
956,Maximo EAM,Maximo Enterprise Architecture Management;
957,Maxl, 
958,Menu Painter, 
959,MESSA, 
960,Metadata, 
961,MIDP, 
962,MQ Messaging, 
963,MQSeries Integrator, 
964,MQSI, 
965,MS Reporting Services, 
966,Mutex, 
967,NAS Storage Admin, 
968,Netezza,Netezza Dba;
969,Netscreen Firewalls, 
970,NPR Reports, 
971,ODQL,Object Database Query Language;
972,Onegamon, 
973,OpenVMS, 
974,OpsWare, 
975,Oracle Access Manager,OAM;
976,Oracle ADF, 
977,Oracle Data Integrator,Oracle DataIntegrator;
978,Oracle Data Service Integrator, 
979,Oracle EBS, 
980,Oracle Identity Manager,OIM;
981,Oracle PLM,Oracle Product Lifecycle Management; Oracle Product Life Cycle Management;
982,Oracle Retek, 
983,Oracle Role Manager, 
984,Oracle SES,Oracle Secure Enterprise Search;
985,Oracle SQL Scripts, 
986,Oracle UCM, 
987,Orcad, 
988,OSPF, 
989,Outlook,MS Outlook;
990,Paypal, 
991,PDA, 
992,Pega Rules Process Commander,PRPC;
993,Power Exchange, 
994,Qlikview, 
995,Query Analyzer, 
996,Rapid SQL, 
997,Red Prairie, 
998,Release Engineer, 
999,RIP, 
1000,SAP CSS Billing,SAP Client/Server/Server Billing;
1001,SAP i2, 
1002,SAP IDOC, 
1003,SAP Payroll, 
1004,SAP Utility Billing, 
1005,SAS BI Suite,SAS Business Intelligence Suite;
1006,SAS SPDS, 
1007,SATA, 
1008,Savvion, 
1009,Screen Painter, 
1010,SCRUM, 
1011,SeeBeyond,See Beyond;
1012,Selectica, 
1013,Selenium, 
1014,Serena, 
1015,Sharepoint SME, 
1016,Siebel EIM,Siebel Enterprise Integration Manager;
1017,Siebel VisaCare, 
1018,Siperian, 
1019,SiteScope, 
1020,SmartMapper, 
1021,SONET, 
1022,Spring Web Flow,Spring WebFlow; Spring Web Flows; Springs Web Flows;
1023,SQL Server Mobile,Microsoft SQL Server Mobile; MS SQL Server Mobile;
1024,Stellent, 
1025,Streamweaver, 
1026,Subversion, 
1027,SunGuard Banner, 
1028,SunGuard Plus, 
1029,Syslogs, 
1030,Tguard, 
1031,Tivoli Distributed Monitoring, 
1032,Tivoli Enterprise Console, 
1033,Tivoli Framework, 
1034,Tivoli Monitoring, 
1035,Tivoli Netview,Tivoli Net View;
1036,Trizetto Facets, 
1037,Tuxedo, 
1038,Vendavo, 
1039,VeriSign, 
1040,VHDL, 
1041,Visual Force, 
1042,VMS, 
1043,VMWare,VM Ware;
1044,VMWare Virtual Center, 
1045,VssConnect, 
1046,Webl, 
1047,WebSphere Integration, 
1048,WinCVS, 
1049,WinDBG, 
1050,Windows Administrator Exchange, 
1051,WSRR,WebSphere Service Registry Repository;
1052,Xen, 
1053,XJS, 
1054,XML Parser,XMLParser; Extensible Markup Language Parser; XML Parsers;
1055,XML Schema,XMLSchema; Extensible Markup Language Schema;
1056,XPATH, 
1057,Absence Management, 
1058,ACATS,Automated Customer Account Transfer Service;
1059,ACE,Advanced Computing Environment;
1060,ACL,Application Control Language;
1061,ActiveSync,Active Sync;
1062,Adabase,Adaptable Data Base System;
1063,ADDM,Automatic Database Diagnostic Monitor;
1064,Adobe Creative Suite,Acrobat Adobe Creative Suite;
1065,Alfresco, 
1066,ALM,Application LifeCycle Management; Application Life Cycle Management;
1067,Amiga, 
1068,AML,Astronomical Markup Language;
1069,AMQP,Advanced Message Queuing Protocol;
1070,AMS,Adaptable Modular Storage; AMS Storage;
1071,Analysis Services,Analysis Service;
1072,Anblicks, 
1073,AOP,Aspected Oriented Programming;
1074,Apache HTTP Server,Apache HyperText Transfer Protocol Server;
1075,Apache Myfaces,Apache Myfaces Web Server; Apache Myfaces Web Server Application;
1076,App Store, 
1077,AppExchange, 
1078,Apple Mac,Mac;
1079,Applix, 
1080,AppsLib, 
1081,ArcGis, 
1082,ArcObjects,ArcObject;
1083,Argo, 
1084,ASIC,Application Specific Integrated Circuit;
1085,Asset Manager, 
1086,ATG, 
1087,ATG Commerce, 
1088,Atrium, 
1089,Atrium CMDB,Atribum Configuration Management Database;
1090,Avamar,EMC Avamar;
1091,AVP,Average Voice Packet;
1092,AWS,Apple Workgroup Server; Apple Work Group Server;
1093,B2B, 
1094,Backend,Back end;
1095,Bada OS, 
1096,BAM,Business Application Management;
1097,BAPI,Business Application Programming Interface;
1098,Basel Risk Modeller,Basel Risk Modeler;
1099,BDC,Business Data Catalog;
1100,Blade Server,BladeServer; Blade Servers;
1101,BOBJ,BOBJ Developer;
1102,BODI,Business Objects Data Integrator;
1103,BPM,Business Process Management;
1104,BRMS,Business Rule Management System;
1105,Build Configuration, 
1106,Build Engineer, 
1107,Build Manager, 
1108,Business Intelligence Development Studio,Business Intelligence Studio; BIDS;
1109,CA Gen,CA-Gen;
1110,Castor, 
1111,CCIE,Cisco Certified Internetwork Expert;
1112,CCNP,Cisco Certified Network Professional;
1113,Cellphone,Cell phone
1114,Chatter, 
1115,Chief Administrative Office,CAO;
1116,Chief Business Officer,CBO;
1117,Chief Communications Officer,CCO;
1118,Chief Data Officer,CDO;
1119,Chief Executive Officer,CEO;
1120,Chief Financial Officer,CFO;
1121,Chief Information Officer,CIO;
1122,Chief Legal Officer,CLO;
1123,Chief Networking Officer,CNO;
1124,Chief Operating Officer,COO;
1125,Chief Technical Officer,CTO;
1126,Chordiant,Chordiant Developer;
1128,Chrome,Google Chrome;
1129,Chromium,Google Chromium;
1130,Citrix Access Gateway, 
1131,Citrix Access Suite, 
1132,Citrix Admin,Citrix Administrator; Citrix Administration;
1133,Citrix Edgesight, 
1134,Citrix NetScaler, 
1135,Citrix Server, 
1136,Citrix Virtualization, 
1137,Citrix XenApp,XenApp;
1138,Citrix XenDesktop,XenDesktop;
1139,Citrix XenServer,XenServer;
1140,Cloud Computing,Cloud;
1141,Cluster, 
1142,CodeWarrior,Code Warrior;
1143,ComArch, 
1144,Content Developer, 
1145,Content Management, 
1146,CRM,Customer Relationship Management;
1147,CyberFusion,Cyber Fusion;
1148,CyberQuery, 
1149,DASD,Data Access Storage Device;
1150,Dash Board,Dashboard;
1151,Data Acquisition, 
1152,Data Base Analyst,Database Analyst;
1153,Data Base Architect,Database Architect;
1154,Data Base Programmer,Database Programmer;
1155,Data Center,DataCenter;
1156,Data Dictionary,DataDictionary;
1157,Data Integration,DataIntegration;
1158,Data Mapping, 
1159,Data Profiler, 
1160,Data Profiling, 
1161,Data Stage,DataStage;
1162,Data Structure,Data Structures;
1163,Data Validation, 
1164,DBMS,Data Base Management System; Data Base Management Systems; Database Management System; Database Management Systems;
1165,DCL,Data Control Language;
1166,DDL,Data Definition Language;
1167,Decryption, 
1168,Demantra, 
1169,Deployment, 
1170,Desk Top,Desktop;
1171,DHCP,Dynamic Host Configuration Protocol;
1172,Dialogue, 
1173,Dimensional modeling,Dimensional Modelling;
1174,Director, 
1175,DirectShow, 
1176,DLL,Dynamic Link Library; Dynamic Link Libraries;
1177,DML,Data Manipulation Language;
1178,Docomo, 
1179,DOJO, 
1180,Eagle Pace, 
1181,Eagle Pace Business Analyst, 
1182,EAM,Enterprise Architecture Management;
1183,Ecora, 
1184,ECRM,Enterprise Customer Relationship Management;
1185,Edify, 
1186,eDirectory, 
1187,EDL,Enterprise Definition Language;
1188,EDM,Enterprise Data Management;
1189,EDW,Enterprise Data Warehouse;
1190,EMC, 
1191,Empirix Hammer, 
1192,Encryption, 
1193,Endevor, 
1194,Enterprise digital assistant, 
1195,Enterprise Manager, 
1196,EPM,Enterprise Process Managment;
1197,ERM,Enterprise Risk Management;
1199,eScript,e Script;
1201,ESM,Enterprise Security Management;
1202,ESQL,Embedded Structured Query Language;
1203,Executive Director, 
1204,Expression Blend, 
1205,EXTJS, 
1206,Facebook,Face Book;
1207,Fatwire, 
1208,Firebird, 
1209,Firefox, 
1210,Firmware, 
1211,Flash Lite, 
1212,FrontEnd,Front End;
1213,Futrix, 
1214,Gateway, 
1215,Genesys, 
1216,GetJar, 
1217,Ghost, 
1218,GlobalScape, 
1219,Gof, 
1220,Handmark, 
1221,HFM, 
1222,Shoebox, 
1223,IBMS,Integrated Business Management System;
1224,Identity Management, 
1225,Identity Manager, 
1226,iManager, 
1227,inetSoft, 
1228,Info View, 
1229,Infosphere,Info Sphere;
1230,Infrastructure Management, 
1231,Integration Services,Integration Service;
1232,Intel Application Accelerator, 
1233,Interwoven,Inter woven;
1234,iPad, 
1235,iPod, 
1236,iProc, 
1237,ipsec,Internet Protocol Security;
1238,iSeries, 
1239,iStore, 
1240,itsNat, 
1241,IVR,Interactive Voice Response;
1242,J2ME,Java ME;
1243,J2SE, 
1244,JAD,Java Application Descriptor;
1245,JAROS, 
1246,JasperReports,Jasper Reports; Jasper Report; JasperReport;
1247,JavaFX,Java FX;
1248,JBOSS Cache,Jboss Application Server Cache;
1249,JBOSS CMS,Jboss Application Server CMS;
1250,JBOSS Portal,Jboss Application Server Portal;
1251,JBOSS Server,Jboss Application Server;
1252,JBOSS Web Server,JBOSS Web Application Server;
1253,JBPM,Java Business Process Management;
1254,JCA, 
1255,JDE,Java Development Environment;
1256,Jgroups, 
1257,JIRA, 
1258,JNI,Java Native Interface;
1259,JQuery, 
1260,Jrockit, 
1261,Kofax, 
1262,LAPI,Low level Application Programming Interface;
1263,Lazarus, 
1264,Legato, 
1265,LIMS,Library Information Management System;
1266,Lingo, 
1267,LISA,Linux Installation System Administration; Linux Installation and System Administration;
1268,LogiXML, 
1269,LucidEra, 
1270,Mainframe Developer,Mainframe Programmer;
1271,MAPI,Messaging Application Programming Interface;
1273,MaxDB, 
1274,MCML,Media Center Markup Language;
1275,Message Broker, 
1276,Metastorm, 
1277,Metranet, 
1278,Media Gateway, 
1279,MicroBrowser,Micro Browser;
1281,Office Suite,OfficeSuite;
1282,Microwave Backhaul, 
1283,MIIS,Microsoft Identity Integration Server;
1284,Mobile ADF,Mobile Application Development Framework;
1285,Mobile Application Development,Mobile Apps Developer; Mobile Application Programmer;
1286,Mobile Computing, 
1287,Mobile Phone, 
1288,Mobile UI,Mobile User Interface;
1289,Mobilinux, 
1290,MoSoSo, 
1291,MoSync, 
1292,MS Office,Microsoft Office;
1293,Murex,Murex Workflow; Murex XML;
1294,MySpace, 
1295,Neoview, 
1296,Network Admin,Network Administrator; Network Administration;
1297,Networx Facets, 
1298,Nexus, 
1299,Nokia, 
1300,Novell, 
1301,OAF,Oracle Application Framework; Oracle Applications Framework;
1302,OBIEE BI,Oracle Business Intelligence; Oracle Bi Suite Enterprise Edition Business Intelligence;
1303,OBIEE BI Publisher,Business Intelligence Publisher;
1304,Object Pascal, 
1305,Objective-C,Objective C; ObjectiveC;
1306,Omnis Studio, 
1307,Open Replicator, 
1308,Open Source,Opensource;
1309,Open View,Openview; OpenView Admin; OpenView Administrator; Open View Admin; Open View Administrator;
1310,Openmoko, 
1311,Operating System,Operating Systems;
1312,Oracle Agile PLM, 
1313,Oracle AIA, 
1314,Oracle Apex, 
1315,Oracle Berkeley, 
1316,Oracle BI,Oracle Business Intelligence;
1317,ORacle BI Publisher,Oracle Business Intelligence Publisher;
1318,Oracle BRM, 
1319,Oracle Configurator,Oracle Configurator R12;
1320,Oracle Data Service, 
1321,Oracle Database Lite, 
1322,Oracle Identity Federation,OIF;
1323,Oracle OCSG, 
1324,Oracle OSM, 
1325,Oracle POS, 
1326,Oracle Store, 
1327,Oracle Transportation Management,OTM;
1328,Oracle UIM, 
1329,Oracle Virtual Directory,OVD;
1330,Oracle Warehouse Builder,OWB;
1331,OSCache, 
1332,Palm OS, 
1334,Palo, 
1335,Pandora, 
1336,PCBA,Printed Circuit Board Assembly;
1337,PDF,Portable Document Format;
1338,PDLC,Programming Development Life Cycle;
1339,PDM,Process Device Manager;
1340,Pentaho, 
1341,PeopleSoft Treasury, 
1342,Peoplesoft Trees, 
1343,Personal Digital Assistant, 
1344,Pocket PC, 
1345,Pocket Studio, 
1346,Portal Management, 
1347,Porfolio Management, 
1348,Portlet,Portlet Developer;
1349,Power Center, 
1350,President, 
1351,Prism, 
1352,Pro E,Pro Engineer;
1353,Process Management, 
1354,Program Management, 
1355,Progress, 
1356,Project Control Analyst,PCA;
1357,Protoc, 
1358,PRS,Packet Routing Switch;
1359,QA Engineer,Quality Assurance Engineer;
1360,Qlik View,QlikView;
1361,QNXT, 
1363,Qtopia, 
1364,QualComm, 
1365,Quality Tester, 
1367,Quest Manager, 
1368,Quick Base,QuickBase;
1369,RapidMiner, 
1370,RDBMS,Relational DataBase Management System; Relational Database Management Systems; Relational Data base Management System; Relational Data base management systems;
1371,Remedy Management, 
1372,Remitco, 
1373,Replatform Architect, 
1374,Report Writer, 
1375,Reporting Services,Reporting Service;
1376,Resin Application Server, 
1377,Rhomobile, 
1378,Risk Management, 
1379,RSM,Replication Server Manager;
1380,SAAS,Software as a service;
1381,Safari, 
1382,Salesforce.com,Force.com;
1383,Salesforce.com Administrator, 
1384,Salesforce.com Business Analyst, 
1385,Salesforce.com Developer, 
1386,Sandbox Testing, 
1387,SAP AII,SAP Auto ID Infrastructure;
1388,SAP FASM, 
1389,SCCM, 
1390,S-controls, 
1391,SEM,Search Engine Marketing;
1392,SEO,Search Engine Optimization;
1393,Serena TeamTrack, 
1394,Silk Tester, 
1395,SlideME, 
1396,Smarter Agent, 
1397,SOQL, 
1398,SOSL, 
1399,SpagoBI, 
1400,SPARQCode, 
1401,Sun Guard,Sunguard
1402,Sun Identity Manager, 
1403,Symantec, 
1404,TAM,Tivoli Access Manager;
1405,TBSM,Tivoili Business Systems Manager;
1406,TCL,Transaction Control Language;
1407,Test Engineer, 
1408,Test Quest countdown, 
1409,Test Runner, 
1410,TestQuest, 
1411,TestQuest Designer, 
1412,TMF,Tivoli Management Framework;
1413,T-Mobile, 
1414,Tristit, 
1415,UI,User Interface;
1416,Vantage, 
1417,Vice President, 
1418,Virtual Reality, 
1419,Virtual Machine, 
1420,VisualForce, 
1421,Vitria, 
1422,Voice Portal,Voice Portals; voiceportal; voiceportals;
1423,VXML, 
1424,WAUSAU, 
1425,WCS,Websphere Commerce Suite;
1427,Web Admin,Web Administrator; Web Administration;
1428,Web Application,WebApplication; Web Applications;
1429,Web Designer, 
1430,Web Intelligence, 
1431,Web Server,WebServer;
1432,Web Trends,Webtrends;
1433,Web Center,WebCenter;
1434,Windows Azure, 
1435,Windows CE, 
1436,Windows Mobile, 
1437,Windows Server,Windows Servers;
1438,Wintel, 
1439,Wintel Administrator,Wintel System Administrator; Winstel Administration; Wintel System Administration;
1440,WURFL, 
1441,XAML, 
1442,XBOX, 
1443,XCelsius, 
1444,Xcode, 
1445,XML Publisher,Extensible Markup Language Publisher;
1446,XQuery, 
1447,XSQL Servlet, 
1448,Oracle BI Server,Oracle Business Intelligence Server;
1449,Oracle BI Answers,Oracle Business Intelligence Answers;
1450,Oracle BI Interactive Dashboards, 
1451,Oracle BI Delivers,Oracle Business Intelligence Delivers;
1452,Oracle Hyperion Financial Reporting, 
1453,Oracle Business Intelligence Presentation Services,Oracle Business Intelligence Presentation Service;
1454,Oracle Business Intelligence Scheduler, 
1455,Oracle Business Intelligence Client, 
1456,Oracle Business Intelligence Systems Management, 
1457,Spotfire, 
1458,GateIn,GateIn Portal;
1459,WSRP,Web Services for Remote Portlets;
1460,WSIA,Web Services for Interactive Applications;
1461,Retek, 
1462,REIM,Retek Invoice Matching;
1463,RDW,Retek Data Warehouse;
1464,RMS,Retek Merchandise System;
1465,Sterling Integrator, 
1466,Sterling File Gateway, 
1467,Sterling Community Manager, 
1468,Sterling Perimeter Server, 
1469,Sterling Business Integration Suite, 
1470,Sterling Commerce, 
1471,OVO,OpenView Operations;
1472,OVO Admin,OpenView Operations Admin;
1473,WISE Package Studio, 
1474,JExpress, 
1475,DreamShield, 
1476,Siebel CTMS, 
1477,JAXP,Java XML Programming API;
1478,STAX,Streaming API for XML;
1479,ArcSDE, 
1480,ArcSDE DBA,ArcSDE Data Base Administration;
1481,NCDOT GIS,NCDOT Geographic Information System;
1482,TeamTrack, 
1483,GWT,Google Web Toolkit;
1484,GWT RPC,Google Web Toolkit RPC;
1485,GWT Handler,Google Web Toolkit Handler;
1486,LiveCycle,Adobe LiveCycle;
1487,Adobe LiveCycle Enterprise Suite, 
1488,Intelligent Document Platform, 
1489,Cognos TM1, 
1490,Telcordia Granite, 
1491,iRise Studio, 
1492,SAP Treasury, 
1493,SAP BCM, 
1494,Oracle Reveleus, 
1495,Oracle Flexcube, 
1496,Oracle Daybreak, 
1497,Oracle Mantas, 
1498,Ajax4JSF, 
1499,RichFaces, 
1500,Pervasive, 
1501,Pervasive Data Integrator, 
1502,Pervasive PSQL, 
1503,Pervasive Integration Manager, 
1504,Pervasive Data Warehouse, 
1505,Pervasive Data MetaData Manager, 
1506,Pervasive Data Profiler, 
1507,Pervasive Data MatchMerge, 
1508,Pervasive DataRush, 
1509,FIX,Financial Information eXchange;
1510,HiCap,Hi-Cap;
1511,TLM,Transaction level modeling;
1512,SystemC, 
1513,Drools, 
1514,CISSP,Certified Information Systems Security Professional;
1515,Vista,Windows Vista;
1516,eGlue,e-Glue;
1517,MAPICS,Manufacturing Accounting and Production Information Control Systems;
1518,Actimize, 
1519,Drupal, 
1520,SAP EEM,SAP Employee Expense Management;
1521,Empirix, 
1522,SeeBurger, 
1523,EMC Networker,EMC Legato Networker;
1524,BackupPC, 
1525,Cobian, 
1526,DirSync Pro, 
1527,LexisNexis,Lexis Nexis;
1528,Itron IEE, 
1529,Itron, 
1530,BRE,Business Rules Engines;
1531,Infragistics, 
1532,DevExpress, 
1533,TFS,Team Foundation Server;
1534,Team Build, 
1535,nAnt, 
1536,ClickOnce, 
1537,LMO4LS, 
1538,EdgeSite, 
1539,vSphere, 
1540,Nunit, 
1541,CUDA,Compute Unified Device Architecture;
1542,Oracle PIM,Oracle Product Information Management;
1543,FindBugs, 
1544,Seam,Jboss Seam;
1545,Edifecs, 
1546,XEngine Service, 
1547,SpecBuilder, 
1548,Claredi, 
1549,Microsoft Dynamics CRM,MS Dynamics CRM; Microsoft Dynamics Customer Relationship Management;
1550,Joomla, 
1551,SAP Business One,SAP B1;
1552,SAP BPC, 
1553,Gentoo,Gentoo Linux;
1554,Curam,Curam Software Suite;
1555,TypeFi, 
1556,CXML,Commerce eXtensible Markup Language;
1557,JDOM, 
1558,SCT Banner, 
1559,Luminis Admin,Luminis Administration;
1560,Exadata,Oracle Exadata;
1561,UIBinder, 
1562,SAP ICM,SAP Incentive and Commission Management; SAP Incentive Commission Management;
1563,Microsoft Exchange Server,Microsoft Exchange Server 2003; Microsoft Exchange Server 2007; Microsoft Exchange Server 2010;
1564,Maximo Application Server, 
1565,Peoplesoft Benefits Administration,Peoplesoft Ben Administration; Peoplesoft Ben Admin;
1566,Peoplesoft eProcurement, 
1567,Oracle Fusion Middleware,Oracle Fusion Middleware 11g; OFM; Fusion Middleware;
1568,Cisco ASA Firewall, 
1569,Cisco NAC, 
1570,Cisco CSA, 
1571,Cisco MARS, 
1572,Cisco Securities, 
1573,Cisco UCS,Cisco Unified Computing System;
1574,Siebel Sales Enterprise, 
1575,Mule, 
1576,Maven,Apache Maven;
1577,Websphere Portal, 
1578,Noetix Report,Noetix Reports;
1579,Kalido, 
1580,Kalido Dynamic Information Warehouse,Kalido DIW;
1581,Kalido Master Management,Kalido MDM;
1582,Netapp, 
1583,EMC DMX, 
1584,Websphere Portlet, 
1585,ARCserver, 
1586,Gentran, 
1587,Applix Web, 
1588,Applix TM1, 
1589,Applix Executive Viewer, 
1590,Kimball, 
1591,Inmon, 
1592,Tapestry, 
1593,HTML5, 
1594,SVG,Scalable Vector Graphics;
1595,Joffice, 
1596,WOFF,Web Open Font Format;
1597,Scriptella, 
1598,Weka, 
1599,jHepWork, 
1600,CloverETL,Clover ETL;
1601,Talend, 
1602,OpenVPN,Open VPN;
1603,Cocoon,Apache Cocoon;
1604,AWStats, 
1605,Qcodo, 
1606,Geronimo,Apache Geronimo;
1607,AXIS2,Apache AXIS2;
1608,JacORB, 
1609,Jakarta,Jakarta Tomcat;
1610,Avidemux, 
1611,Kaltura, 
1612,AviSynth, 
1613,Blender, 
1614,Cinelerra, 
1615,Kino, 
1616,Kdenlive, 
1617,CineFX, 
1618,Hbase, 
1619,Hadoop, 
1620,SpringSource, 
1621,WordPress, 
1622,Typo3, 
1623,CMSMadeSimple, 
1624,Silverstripe, 
1625,Plone, 
1626,Umbraco, 
1627,OpenCMS, 
1628,Xoops, 
1629,MODX, 
1630,Concrete5, 
1631,TIKI, 
1632,eZ publish, 
1633,Textpattern, 
1634,e107, 
1635,Teamsite, 
1636,Content Management System,Content Management Systems; CMS;
1637,SAP HANA,SAP High-Performance Analytic Appliance; SAP High Performance Analytic Appliance;
1638,OpenSPARC,Open SPARC;
1639,Weblogic Integration,Web logic Integration;
1640,DropBox,Drop Box;
1641,Basecamp,Base camp;
1642,Highrise,High rise;
1643,Backpack, 
1644,Campfire, 
1645,Evernote,Ever note;
1646,Xero, 
1647,PayCycle, 
1648,WorkFlowMax, 
1649,Logmein, 
1650,Carbonite, 
1651,Springpad, 
1652,Phreebooks, 
1653,Palo BI Suite, 
1654,OpenStack,Open Stack;
1655,SugarCRM, 
1656,Zimbra, 
1657,IaaS,Infrastructure as a service;
1658,PaaS,Platform as a service;
1659,NaaS,Network as a service;
1660,Community cloud, 
1661,Hybrid Cloud, 
1662,Cloud engineering, 
1663,Mobile Cloud Computing, 
1664,webOS,Web Operating System;
1665,Joli OS,Joli Cloud; Jolicloud;
1666,MongoDB,Mongo DB;
1667,Scala, 
1668,Big Data,BigData;
1669,ECM,Enterprise Content Management;
1670,SQLite, 
1671,Model 204, 
1672,Litmus, 
1673,JAXM,Java API for XML Messaging;
1674,Facelets, 
1675,Groovy, 
1676,Camino, 
1677,Omniweb, 
1678,Opera, 
1679,Shiira, 
1680,Ampache, 
1681,Darwin Streaming Server, 
1682,Flash Media Server, 
1683,Firefly Media Server, 
1684,FreeJ, 
1685,Helix Universal Server, 
1686,Icecast, 
1687,Logitech Media Server, 
1688,Mistserver, 
1689,PlayOn, 
1690,Plex, 
1691,PS3 Media Server, 
1692,Red5, 
1693,QuickTime Broadcaster, 
1694,Windows Media Encoder, 
1695,Windows Media Services, 
1696,Wowza,Wowza Media Server;
1697,Sirannon, 
1698,Steamcast, 
1699,Subsonic, 
1700,ColdFire, 
1701,E-Biz,EBiz; E Biz;
1702,UC Browser, 
1703,GLES Driver, 
1704,XML DB,XMLDB;
1705,Data Mover Scripts,Data Mover Script; Peoplesoft Data Mover Scripts; People Soft Data Mover Scripts; DMS;
1706,Inform,Inform 6; Inform 7;
1707,Erlang, 
1708,Windchill,Wind Chill; PTC WindChill;
1709,FirstDoc, 
1710,Grails, 
1711,Primavera,Primavera Enterprise Project Portfolio Management;
1712,Xmarks, 
1713,ActiveReports, 
1714,Jreport, 
1715,Next Reports,NextReports;
1716,SAP FSCM,SAP Financial Supply Chain Management System;
1717,MadCap Capture, 
1718,Infoblox, 
1719,SWAN,State Wide Area Network;
1720,LPAR,logical partinioning;
1721,Teradata Active System Management,TASM;
1722,Cucumber, 
1723,Doctest, 
1724,Frama-C, 
1725,Oliver, 
1726,Rational Quality Manager, 
1727,Parasoft, 
1728,Polyspace, 
1729,Protecode, 
1730,QF-Test, 
1731,QuickCheck, 
1732,Test Studio, 
1733,TestComplete, 
1734,Testing Anywhere, 
1735,TOSCA Testsuite,TOSCA Test suite;
1736,Testwell CTC++, 
1737,WebScarab, 
1738,MadCap Mimic, 
1739,Avro, 
1740,Hive, 
1741,Chukwa, 
1742,Pig, 
1743,Zookeeper, 
1744,Mahout, 
1745,Cassandra, 
1746,Ambari, 
1747,MadCap Lingo, 
1748,Web Editor,WebEditor;
1749,LibreOffice Writer,Libre Office Writer;
1750,OpenOffice Writer,Open Office Writer; Apache OpenOffice Writer;
1751,WordPerfect,Word Perfect; Corel WordPerfect;
1752,EditPlus,Edit Plus;
1753,iWork, 
1754,OpenOffice,Open Office; Apache OpenOffice;
1755,Microsoft Publisher, 
1756,Visual Web Developer Express,Microsoft Visual Web Developer Express;
1757,WebMatrix,Microsoft WebMatrix;
1758,Epic Browser,EpicBrowser;
1759,node.js,nodejs;
1760,MadCap Flare, 
1761,MadCap Feedback, 
1762,AbiWord, 
1763,Client Server Programming,ClientServer Programming; Client-Server Programming;
1764,Robotics, 
1765,Hyper-V,Windows Server Virtualization; Microsoft Hyper-V; HyperV; Hyper V;
1766,Hyper-V Server 2012,Microsoft Hyper-V Server 2012;
1767,XMLP,XML Publisher Concurrent Program;
1768,CMOD,Content Manager OnDemand; IBM Content Manager OnDemand;
1769,PLM,Product Lifecycle Management; Product Life cycle Management;
1770,BIDW,Business Intelligence and Datawarehousing; Business Intelligence Datawarehousing;
1771,SAP EWM,SAP Extended Warehouse Management;
1772,web2py, 
1773,Foglight, 
1774,Z-code, 
1775,Z-machine, 
1776,Glulx, 
1777,System Center Operations Manager,Microsoft System Center Operations Manager; SCOM;
1778,Business Objects Universe,Business Object Universe;
1779,R Programming Language, 
1780,StreamInsight,Stream Insight;
1781,Cocoa, 
1782,Office InfoPath,Microsoft Office InfoPath;
1783,PowerShell,Microsoft PowerShell; Power Shell;
1784,AquaLogic,BEA AquaLogic;
1785,Oracle Service Registry, 
1786,Oracle Entitlement Server, 
1787,Oracle WebCenter Interaction, 
1788,Oracle Enterprise Repository, 
1789,Oracle BPM, 
1790,Natural Language Processing,NLP;
1791,Gupta SQL, 
1792,SQLBase,SQL Base;
1793,PMBOK,Project Management Body of Knowledge;
1794,SQL Server Integration Services,SSIS;
1795,ArcGIS Engine, 
1796,ArcGIS Server, 
1797,HDFS,Hadoop Distributed File System;
1798,Hadoop YARN, 
1799,Hadoop MapReduce, 
1800,BRM,Billing and Revenue Management; Billing Revenue Management;
1801,RICE, 
1802,VSTF,Volunteer Spam Task Force;
1803,MadCap Contributor, 
1804,MadCap Analyzer, 
1805,TROFF, 
1806,Lync,Microsoft Lync;
1807,Entourage, 
1808,SharePoint Workspace, 
1809,Windows Phone, 
1810,Microsoft CRM, 
1811,Dynamics,Microsoft Dynamics; MS Dynamics;
1812,Forecaster, 
1813,Forefront, 
1814,FRx, 
1815,Office Project Server, 
1816,Microsoft Small Business Financials, 
1817,Windows SteadyState, 
1818,Telerik, 
1819,Tririga, 
1820,Jenkins, 
1821,Exalogic, 
1822,ServiceNow, 
1823,WebSphere ESB,WebSphere Enterprise Service Bus; WESB;
1824,WebSphere DataPower Appliances, 
1825,WebSphere Extended Deployment, 
1826,WebSphere Service Registry, 
1827,WebSphere sMash, 
1828,Selenium Grid, 
1829,Selenium WebDriver, 
1830,Selenium Remote Control, 
1831,Selenium IDE, 
1832,JIDE, 
1833,Amazon,Amazon AWS; AWS Amazon;
1834,IBM Smart Cloud,Smart Cloud; SmartCloud;
1835,Oracle Financial Services Analytical Applications,Oracle Financial Services Analytical Application;OFSAA;
1836,SAP GRC, 
1837,Xsigo, 
1838,Tableau,Tableau Server; Tableau Desktop;
1839,KNIME, 
1840,CentOS,Cent OS; Community Enterprise Operating System;
1841,NetOps, 
1842,DevOps, 
1843,Bootstrap, 
1844,Foundation, 
1845,Skeleton, 
1846,HTML5 Boilerplate,HTML5 Boiler plate;
1847,HTML Kickstart,HTML Kick start;
1848,Montage,MontageJS;
1849,SproutCore, 
1850,Zebra, 
1851,CreateJS, 
1852,Less Framework, 
1853,AngularJS,Angular; Angular JS;
1854,Cordova,Apache Cordova;
1855,Arch Linux, 
1856,Arduino, 
1857,Asterisk, 
1858,Backbone.js, 
1859,Bada, 
1860,Bing Maps, 
1861,Bitcoin, 
1862,BuddyPress,Buddy Press;
1863,CakePHP,Cake Php;
1864,CartoDB,Carto DB;
1865,CiviCRM,Civi CRM;
1866,SplendidCRM,Splendid CRM;
1867,EpesiCRM,Epesi CRM;
1868,Clarion, 
1869,Clojure, 
1870,CodeIgniter, 
1871,CoffeeScript,Coffee Script;
1872,D3.js, 
1873,Debian, 
1874,DirectX, 
1875,angular.js,angular; angularjs; angular js;
1876,TeamCenter, 
1877,GMC Inspire, 
1878,Continuous integration,Continuous integration tools;
1879,Buildbot, 
1880,Travis CI,Travis;
1881,Strider,Strider CI;
1882,Codeship,Codeship CI;
1883,Teamcity,Teamcity CI; Team city CI;
1884,Apache Ant, 
1885,Apache Buildr, 
1886,A-A-P, 
1887,Cabal, 
1888,FinalBuilder, 
1889,Flowtracer, 
1890,Gradle, 
1891,IncrediBuild,Incredi Build;
1892,Octopus,Octopus Deploy;
1893,PSake, 
1894,Rake, 
1895,Scons, 
1896,Tweaker, 
1897,Visual Build,VisualBuild;
1898,Waf, 
1899,BuildAMation, 
1900,CMake, 
1901,AnthillPro, 
1902,Continuum,Apache Continuum;
1903,BuildIT, 
1904,BuildOut, 
1905,CABIE, 
1906,CircleCI,Circle CI;
1907,CruiseControl, 
1908,Gitlab,Gitlab CI;
1909,DeployBot, 
1910,Hudson, 
1911,Ansible, 
1912,CFEngine, 
1913,Distelli, 
1914,Otter, 
1915,Puppet, 
1916,SAP Ariba,Ariba;
1917,SAP TR,SAP TR; SAP Treasury;
1918,SAP PA,SAP PA; SAP Personnel Adminstration;
1919,SAP WF,SAP WF; SAP Workflow;
1920,SAP IS,SAP IS; SAP Industry Solutions;
1921,SAP TR-CB,SAP TR CB;
1922,SAP TR-MRM,SAP TR MRM;
1923,SAP TR-CM,SAP TR CM;
1924,SAP TR-LO,SAP TR LO;
1925,SAP TR-TM,SAP TR TM;
1926,SAP TR-FM,SAP TR FM;
1927,SAP PA-APP,SAP PA APP;
1928,SAP PA-BEN,SAP PA BEN;
1929,SAP PA-EMP,SAP PA EMP;
1930,SAP PA-INW,SAP PA INW;
1931,SAP PA-PAY,SAP PA PAY;
1932,SAP PA-TIM,SAP PA TIM;
1933,SAP PA-TRV,SAP PA TRV;
1934,UX Designer,UX Designer; UX Design;
1935,UI Designer,UI Designer; UI Design;
1936,Front-End Designer,Front-End Design; Front End Design; Front End Designer;
1937,SEO/SEM,SEO; SEM;
1938,Social Media,Social Media;
1939,MEAN.JS,meanjs; mean;
1940,Express.js,Expressjs;
1941,OData,O Data;
1942,Chef, 
1943,LYME,Linux Yaws Mnesia Erlang;
1944,Yaws, 
1945,Mnesia, 
1946,CouchDB,Couch db;
1947,JAFFA,Java Application Framework For All;
1948,SymbOS,SYmbiosis Multitasking Based Operating System;
1949,Xplenty, 
1950,Odoo,OpenERP; TinyERP;
